Area_num, Area_key, x_coord, y_coord, est_Intercept, se_Intercept, t_Intercept, est_OCC_TEC, se_OCC_TEC, t_OCC_TEC, est_OWNH, se_OWNH, t_OWNH, est_POP65, se_POP65, t_POP65, est_UNEMP, se_UNEMP, t_UNEMP, y, yhat, localpdev, Ginfluence
    0, 0, 378906.83, 17310.41,         3.733837,         0.971933,         3.841659,         7.604286,         1.860931,         4.086281,        -2.415012,         0.448544,        -5.384117,        -3.546584,         2.463207,        -1.439823,         0.716628,         0.137907,         5.196449,       189.000000,       136.016202,         0.862581,         0.661318
    1, 1, 334095.21, 25283.2,         7.633481,         0.465515,        16.397925,         5.986063,         1.988897,         3.009740,        -5.484860,         0.463578,       -11.831582,         7.358664,         1.633550,         4.504706,        -0.284917,         0.074182,        -3.840764,        95.000000,        84.898655,         0.610052,         0.519933
    2, 2, 378200.19, -877.05,         6.370555,         0.418279,        15.230399,         5.515393,         1.095030,         5.036752,        -3.511897,         0.229639,       -15.293144,        -5.897899,         1.291468,        -4.566818,         0.155022,         0.089419,         1.733661,        70.000000,        54.568387,         0.815542,         0.406916
    3, 3, 357191.03, 29064.39,         7.469382,         0.655363,        11.397321,         1.570668,         1.784117,         0.880361,        -2.392275,         0.839200,        -2.850661,        -8.992308,         2.602416,        -3.455369,        -0.335384,         0.127733,        -2.625658,        48.000000,        48.422571,         0.863300,         0.491301
    4, 4, 358056.34, 10824.73,         7.987869,         0.418374,        19.092663,        -2.836901,         0.895043,        -3.169568,        -5.062321,         0.306180,       -16.533813,        -4.015883,         1.206674,        -3.328060,         0.414899,         0.063573,         6.526341,        65.000000,        48.998729,         0.824660,         0.243879
    5, 5, 366747.61, -3073.12,         7.497491,         0.300542,        24.946529,         1.246136,         0.779104,         1.599448,        -6.041447,         0.201584,       -29.969930,        -1.080732,         1.111288,        -0.972504,         0.575874,         0.065769,         8.755945,       107.000000,       208.895547,         0.853538,         0.179771
    6, 6, 351099.27, 11800.35,         8.029923,         0.316657,        25.358430,        -0.243812,         0.771837,        -0.315886,        -4.449882,         0.291634,       -15.258461,        -5.934544,         1.105122,        -5.370035,         0.140027,         0.047073,         2.974672,        65.000000,        47.158434,         0.764173,         0.186211
    7, 7, 377929.98, 4635.1,         6.208413,         0.554347,        11.199513,         3.995825,         1.179244,         3.388462,        -3.237152,         0.287947,       -11.242188,        -6.422843,         1.345907,        -4.772131,         0.231338,         0.097082,         2.382919,        76.000000,        69.426794,         0.808589,         0.184727
    8, 8, 367529.91, 20192.51,        11.614562,         0.867568,        13.387496,        -9.521557,         1.693613,        -5.622038,        -6.567208,         0.503411,       -13.045413,       -12.104769,         2.300356,        -5.262127,        -0.021523,         0.094549,        -0.227636,       192.000000,       189.338366,         0.902443,         0.983594
    9, 9, 389231.47, 3489.35,         3.769475,         0.627516,         6.006980,        21.493203,         3.217808,         6.679456,        -2.836678,         0.290188,        -9.775322,         5.811257,         2.584423,         2.248570,        -0.239897,         0.110822,        -2.164702,        27.000000,        30.017181,         0.782592,         0.161108
   10, 10, 389427.64, 9290.1,         2.665869,         0.804780,         3.312544,        16.721931,         1.894008,         8.828858,        -1.803195,         0.387105,        -4.658156,         2.597253,         2.024469,         1.282931,         0.262312,         0.117576,         2.230995,        28.000000,        56.016583,         0.776402,         0.612415
   11, 11, 381089.82, 9125.81,         4.836019,         0.736322,         6.567802,         6.511210,         1.525004,         4.269635,        -2.554751,         0.343713,        -7.432808,        -4.265225,         1.803603,        -2.364835,         0.372463,         0.113588,         3.279060,        63.000000,        89.154680,         0.816103,         0.213814
   12, 12, 371082.66, 6843.9,         8.335360,         0.554873,        15.022107,        -2.055332,         1.168828,        -1.758456,        -4.679877,         0.317288,       -14.749620,        -8.933284,         1.383107,        -6.458851,         0.241643,         0.083178,         2.905148,        34.000000,        37.770251,         0.840681,         0.279449
   13, 13, 388281.84, -1760.78,         6.320805,         0.499328,        12.658629,         9.201957,         2.111719,         4.357568,        -2.724512,         0.268417,       -10.150282,        -3.582488,         2.067774,        -1.732534,        -0.385577,         0.103333,        -3.731413,        17.000000,        17.125746,         0.768526,         0.198115
   14, 14, 386771.66, -4857.11,         7.032976,         0.435842,        16.136532,         5.846528,         1.665537,         3.510295,        -2.708396,         0.253950,       -10.665095,        -6.893154,         1.703541,        -4.046368,        -0.382963,         0.095606,        -4.005636,        25.000000,        18.437675,         0.762763,         0.229960
   15, 15, 397029.93, 4912.15,         4.698214,         0.908195,         5.173133,        15.879515,         5.337109,         2.975303,        -1.956176,         0.445832,        -4.387701,        -0.751298,         4.725634,        -0.158983,        -0.366157,         0.142363,        -2.571995,        17.000000,        23.677903,         0.653981,         0.587128
   16, 16, 399583.28, 1217.51,         9.282182,         1.028441,         9.025488,        -6.914470,         5.994592,        -1.153451,        -1.222725,         0.462169,        -2.645622,       -19.054402,         5.331866,        -3.573683,        -0.717006,         0.173508,        -4.132415,        31.000000,        19.105972,         0.690451,         0.296910
   17, 17, 389413.79, 18915.59,        -1.444570,         1.339507,        -1.078434,        18.332063,         2.653094,         6.909693,        -0.006101,         0.616420,        -0.009898,         5.633864,         2.661627,         2.116700,         1.203928,         0.194438,         6.191846,        27.000000,        12.265678,         0.800026,         0.396445
   18, 18, 374811.31, 23395.2,         8.322475,         1.155321,         7.203607,        -2.248595,         2.015408,        -1.115702,        -4.853512,         0.534383,        -9.082460,        -9.113687,         3.211376,        -2.837939,         0.309455,         0.141394,         2.188599,        10.000000,        18.947776,         0.896108,         0.678688
   19, 19, 366291.01, 3851.09,         8.250102,         0.336219,        24.537874,        -3.499448,         0.799923,        -4.374730,        -5.643844,         0.259624,       -21.738540,        -4.551783,         1.130188,        -4.027458,         0.511471,         0.066088,         7.739300,        42.000000,        38.851594,         0.845606,         0.171456
   20, 20, 362053.67, 7027.25,         7.937159,         0.347437,        22.844877,        -3.768914,         0.811737,        -4.643020,        -5.615485,         0.282803,       -19.856506,        -2.368716,         1.197546,        -1.977974,         0.585352,         0.064609,         9.059932,        20.000000,        33.265764,         0.833016,         0.284790
   21, 21, 350567.45, 26456.28,         6.699485,         0.510671,        13.118982,         1.696692,         1.273124,         1.332700,        -2.783038,         0.541687,        -5.137723,        -3.260913,         1.802777,        -1.808828,        -0.146944,         0.059139,        -2.484711,        40.000000,        30.347495,         0.721773,         0.198322
   22, 22, 356783.59, 23682.89,         7.521661,         0.470271,        15.994310,         0.183615,         1.139243,         0.161173,        -3.222286,         0.460777,        -6.993153,        -6.152544,         1.604247,        -3.835161,        -0.128441,         0.072878,        -1.762417,        15.000000,        32.828450,         0.855263,         0.203513
   23, 23, 356225.47, 19763.98,         7.370494,         0.438452,        16.810262,        -0.087218,         0.979894,        -0.089008,        -3.461085,         0.359128,        -9.637478,        -5.300757,         1.354300,        -3.914020,         0.018124,         0.061982,         0.292407,        47.000000,        45.331976,         0.837784,         0.183057
   24, 24, 338360.54, 25697.56,         7.325895,         0.470302,        15.576997,         2.977798,         2.067034,         1.440614,        -4.511422,         0.467491,        -9.650290,         3.348098,         1.615829,         2.072062,        -0.192354,         0.073590,        -2.613861,        68.000000,        83.306280,         0.559448,         0.751542
   25, 25, 337846.31, 18213.38,         8.260727,         0.384536,        21.482328,         5.381755,         1.641807,         3.277947,        -5.198496,         0.377272,       -13.779175,         0.549191,         1.433826,         0.383025,        -0.282858,         0.062709,        -4.510672,        17.000000,        31.559675,         0.665322,         0.133065
   26, 26, 344074.13, 27136.92,         7.040797,         0.490913,        14.342264,        -0.457900,         1.721871,        -0.265931,        -3.656991,         0.497673,        -7.348183,         0.056151,         1.664941,         0.033726,        -0.096749,         0.066386,        -1.457354,        57.000000,        40.328288,         0.515414,         0.327510
   27, 27, 349087.82, 19336.47,         7.102234,         0.411731,        17.249697,         1.233253,         0.987872,         1.248394,        -3.258769,         0.385098,        -8.462191,        -4.275916,         1.301114,        -3.286350,        -0.057746,         0.050717,        -1.138582,        40.000000,        31.851575,         0.709362,         0.170408
   28, 28, 343402.57, 18620.67,         7.663989,         0.401878,        19.070421,         2.865434,         1.194525,         2.398806,        -4.031918,         0.378089,       -10.663936,        -3.068325,         1.296041,        -2.367459,        -0.159044,         0.053891,        -2.951244,        47.000000,        54.712457,         0.653796,         0.187461
   29, 29, 359036.48, 1198.74,         6.469415,         0.262081,        24.684759,         2.295594,         0.599811,         3.827196,        -5.322184,         0.174799,       -30.447368,         1.470154,         1.035025,         1.420404,         0.686545,         0.052393,        13.103826,        49.000000,        50.143528,         0.787073,         0.166990
   30, 30, 370771.99, -1522.12,         8.314961,         0.380332,        21.862399,        -1.496272,         0.929511,        -1.609741,        -5.610503,         0.226350,       -24.786857,        -7.353750,         1.072503,        -6.856626,         0.453143,         0.079499,         5.699995,        49.000000,        49.437611,         0.868163,         0.193506
   31, 31, 376842.13, -7139.16,         7.183744,         0.358872,        20.017556,         3.666425,         1.322337,         2.772686,        -4.676953,         0.189537,       -24.675713,        -7.072792,         1.525613,        -4.636032,         0.346706,         0.071824,         4.827137,        27.000000,        29.153068,         0.847765,         0.155855
   32, 32, 318049.53, 32744.59,        -1.221789,         0.531201,        -2.300049,        44.971748,         3.478212,        12.929560,        -3.485904,         0.373881,        -9.323567,        32.732967,         2.811636,        11.641965,         0.072368,         0.088393,         0.818701,       120.000000,        89.909104,         0.822513,         0.365642
   33, 33, 325761.21, 31092.21,         4.729386,         0.365786,        12.929382,        17.453029,         2.533433,         6.889082,        -4.715922,         0.324256,       -14.543827,        15.430865,         2.062461,         7.481775,        -0.149649,         0.081050,        -1.846369,        28.000000,        33.678223,         0.787159,         0.317704
   34, 34, 318112.24, 28405.62,        -0.184483,         0.480994,        -0.383545,        42.090621,         3.091484,        13.615022,        -4.069493,         0.321902,       -12.642023,        31.402013,         2.338520,        13.428154,        -0.011893,         0.078673,        -0.151172,        16.000000,        23.971727,         0.810556,         0.150475
   35, 35, 310480.1, 28809.03,        -3.337650,         0.612938,        -5.445326,        49.638282,         3.550811,        13.979419,        -3.353446,         0.381077,        -8.799924,        36.523097,         2.990828,        12.211699,         0.546023,         0.110361,         4.947593,        14.000000,        20.929776,         0.816584,         0.182015
   36, 36, 306513.97, 32751.48,        -4.195024,         0.682282,        -6.148522,        51.054057,         4.141751,        12.326683,        -2.441784,         0.484623,        -5.038520,        34.292241,         3.827634,         8.959122,         0.684335,         0.145314,         4.709346,        43.000000,        59.493579,         0.808041,         0.885831
   37, 37, 311395.51, 33538.42,        -4.274782,         0.680904,        -6.278098,        49.563020,         3.876084,        12.786881,        -2.054468,         0.471215,        -4.359934,        32.722189,         3.533555,         9.260415,         0.747399,         0.130974,         5.706452,        29.000000,        14.733918,         0.815480,         0.324677
   38, 38, 314408.34, -4572.95,         7.406713,         0.225974,        32.776870,         6.290525,         0.566725,        11.099787,        -3.236082,         0.158611,       -20.402595,         3.592911,         0.819191,         4.385923,        -0.584608,         0.046529,       -12.564381,       401.000000,       135.072714,         0.331797,         0.059570
   39, 39, 303850.22, 22478,         1.222417,         0.342641,         3.567627,        28.026817,         2.048276,        13.683127,        -4.722063,         0.346857,       -13.613870,        22.368784,         2.531664,         8.835607,         0.501208,         0.099814,         5.021420,       210.000000,       144.024687,         0.810371,         0.420977
   40, 40, 337540.25, -12310.61,         8.221082,         0.123959,        66.320939,        -5.274182,         0.273901,       -19.255804,        -4.031887,         0.108510,       -37.156728,         1.117622,         0.309132,         3.615359,         0.036478,         0.018254,         1.998394,       711.000000,       327.797760,         0.441941,         0.094209
   41, 41, 330948.96, -8687.59,         9.230254,         0.139814,        66.018029,        -6.859851,         0.314378,       -21.820394,        -4.381734,         0.107722,       -40.676165,         8.300839,         0.327806,        25.322406,        -0.414191,         0.020625,       -20.082375,       544.000000,       256.121003,         0.413358,         0.083743
   42, 42, 327143.99, -3103.01,        11.678093,         0.218926,        53.342568,        -3.636787,         0.518421,        -7.015121,        -6.374268,         0.142889,       -44.610054,        12.447424,         0.532685,        23.367331,        -1.169905,         0.042738,       -27.373915,       557.000000,       243.014395,         0.438707,         0.082569
   43, 43, 312830.72, 21412.1,         0.989689,         0.350563,         2.823141,        31.481093,         1.930041,        16.311103,        -4.630783,         0.274011,       -16.899991,        25.894769,         2.037724,        12.707693,         0.332626,         0.072897,         4.562979,       132.000000,        87.148071,         0.804690,         0.132460
   44, 44, 312874.14, -17053.63,         6.722654,         0.207863,        32.341805,        -2.510850,         0.518528,        -4.842267,        -2.074131,         0.150278,       -13.801960,        15.239653,         0.691859,        22.027095,        -0.489511,         0.036480,       -13.418677,       395.000000,       130.512132,         0.161965,         0.108927
   45, 45, 293680.38, -8010.1,         5.012179,         0.317275,        15.797599,         6.756179,         1.042320,         6.481868,        -1.875680,         0.252137,        -7.439125,        -5.864103,         1.117595,        -5.247072,         0.130836,         0.062223,         2.102684,        97.000000,        63.972156,         0.542988,         0.128300
   46, 46, 325185.11, 20460.45,         7.127632,         0.319733,        22.292477,        14.359577,         1.776265,         8.084141,        -6.401153,         0.272214,       -23.515129,        12.597069,         1.509631,         8.344468,        -0.332661,         0.063876,        -5.207943,        91.000000,        79.153119,         0.736839,         0.206403
   47, 47, 305971.31, 8472,         6.679134,         0.357640,        18.675593,         1.911287,         1.187155,         1.609973,        -5.134445,         0.365351,       -14.053468,         3.425133,         1.654214,         2.070551,         0.308213,         0.087688,         3.514893,        97.000000,        94.135553,         0.664403,         0.116036
   48, 48, 335330.5, -108.19,        10.581691,         0.205588,        51.470485,        -1.748511,         0.528343,        -3.309424,        -5.956540,         0.135985,       -43.802811,         4.973659,         0.524948,         9.474575,        -0.680308,         0.040915,       -16.627328,       148.000000,        91.628613,         0.556158,         0.121754
   49, 49, 339115.66, 3202.05,        10.018815,         0.201924,        49.616806,         3.110638,         0.532672,         5.839690,        -5.821353,         0.142043,       -40.983120,        -3.556576,         0.720957,        -4.933128,        -0.438662,         0.042376,       -10.351702,       269.000000,       177.355043,         0.620772,         0.160145
   50, 50, 309271.13, -10589.17,         5.567444,         0.216781,        25.682297,         5.106108,         0.555771,         9.187438,        -1.203855,         0.155436,        -7.745044,        -1.767200,         0.828429,        -2.133194,        -0.177201,         0.041682,        -4.251280,       183.000000,       132.166071,         0.167956,         0.084673
   51, 51, 319972.62, 24634.35,         2.235513,         0.387041,         5.775907,        31.898950,         2.436073,        13.094414,        -4.527053,         0.273461,       -16.554659,        23.443734,         1.916072,        12.235310,        -0.102880,         0.069410,        -1.482219,        86.000000,        66.906221,         0.788743,         0.126175
   52, 52, 317013.43, 12374.14,         6.346523,         0.283608,        22.377833,        14.846060,         1.014106,        14.639562,        -6.042177,         0.218360,       -27.670681,        13.525016,         1.178795,        11.473596,        -0.178826,         0.056951,        -3.139989,        86.000000,        79.777189,         0.710684,         0.080855
   53, 53, 323345.93, 2314.46,         8.972585,         0.269036,        33.350840,         8.895213,         0.790091,        11.258466,        -5.197367,         0.189193,       -27.471196,         5.637106,         0.858059,         6.569601,        -0.830617,         0.051153,       -16.237938,       244.000000,       170.238479,         0.519241,         0.135920
   54, 54, 327610.55, -7504.02,        10.442891,         0.163893,        63.717794,        -8.112325,         0.363493,       -22.317677,        -5.102387,         0.114887,       -44.412133,        13.283851,         0.382331,        34.744378,        -0.803649,         0.027096,       -29.658770,       120.000000,       246.643080,         0.388342,         0.078910
   55, 55, 343813.29, -11626.17,         8.113200,         0.122719,        66.111887,        -3.654085,         0.294473,       -12.408894,        -4.232524,         0.103913,       -40.731451,        -2.381647,         0.313669,        -7.592878,         0.178621,         0.019773,         9.033405,       297.000000,       380.664444,         0.524461,         0.154447
   56, 56, 342508.85, -4698.16,         8.623004,         0.179492,        48.041251,        -1.967639,         0.419848,        -4.686553,        -4.787788,         0.119543,       -40.050912,         1.015837,         0.369374,         2.750161,        -0.060339,         0.032882,        -1.835003,       393.000000,       193.849616,         0.582535,         0.089399
   57, 57, 333426.78, -13559.3,         8.114147,         0.130800,        62.034759,        -5.809815,         0.266103,       -21.832978,        -3.809481,         0.115572,       -32.962104,         3.416227,         0.312365,        10.936664,        -0.031685,         0.018067,        -1.753739,       103.000000,       343.822118,         0.392370,         0.054799
   58, 58, 330824.95, -14794.45,         7.988677,         0.136693,        58.442666,        -5.929035,         0.264825,       -22.388493,        -3.624144,         0.122126,       -29.675409,         4.835080,         0.315739,        15.313538,        -0.069532,         0.018212,        -3.817847,       136.000000,       497.469763,         0.362875,         0.399874
   59, 59, 304617.97, -15261.45,         4.443233,         0.244461,        18.175633,         6.963434,         0.603309,        11.542065,        -0.445021,         0.173098,        -2.570914,        -5.746508,         0.820376,        -7.004727,         0.071478,         0.045426,         1.573487,       160.000000,       134.465624,         0.147026,         0.220787
   60, 60, 338062.78, -13156.47,         8.201557,         0.122844,        66.763732,        -5.231937,         0.269527,       -19.411530,        -4.047315,         0.109607,       -36.925612,         0.453080,         0.308288,         1.469665,         0.066243,         0.018067,         3.666485,       102.000000,       252.338100,         0.438639,         0.119407
   61, 61, 325419.58, -15527.5,         7.850610,         0.151535,        51.807266,        -6.129914,         0.287194,       -21.344165,        -3.220183,         0.129128,       -24.937937,         9.640302,         0.329567,        29.251426,        -0.247467,         0.019707,       -12.557461,       142.000000,       253.528003,         0.324859,         0.114730
   62, 62, 324052.62, -12510.9,         8.606349,         0.157293,        54.715501,        -7.462160,         0.318477,       -23.430745,        -3.598669,         0.119923,       -30.008282,        13.748053,         0.356288,        38.586870,        -0.499742,         0.022269,       -22.441350,        83.000000,       113.470274,         0.319020,         0.090024
   63, 63, 327521.88, -17674.68,         7.767114,         0.144852,        53.620913,        -5.891738,         0.268556,       -21.938544,        -3.442820,         0.133099,       -25.866627,         6.667126,         0.315535,        21.129573,        -0.102733,         0.018542,        -5.540506,        78.000000,       244.726072,         0.338433,         0.070992
   64, 64, 322114.34, -17894.35,         7.440423,         0.163001,        45.646570,        -5.711885,         0.308616,       -18.508036,        -2.866805,         0.138596,       -20.684660,        13.140480,         0.339210,        38.738487,        -0.313395,         0.020845,       -15.034317,       201.000000,       161.589612,         0.308794,         0.090444
   65, 65, 320355.21, 5840.48,         7.463686,         0.296061,        25.209991,        12.866700,         0.900983,        14.280730,        -5.180899,         0.211977,       -24.440861,         8.224624,         0.958771,         8.578298,        -0.548750,         0.054602,       -10.050052,        87.000000,        84.903050,         0.608988,         0.067967
   66, 66, 330341.07, 12925.79,         9.846863,         0.326198,        30.186760,         5.376013,         1.183150,         4.543814,        -7.228884,         0.272752,       -26.503474,         4.111297,         1.074537,         3.826110,        -0.424304,         0.053691,        -7.902773,        89.000000,       139.947321,         0.726982,         0.133612
   67, 67, 318527.16, 8318.24,         7.452532,         0.310412,        24.008555,        11.688301,         0.954728,        12.242549,        -5.754218,         0.229486,       -25.074406,         9.848185,         1.014011,         9.712113,        -0.410883,         0.056374,        -7.288553,        80.000000,       109.234129,         0.656944,         0.117626
   68, 68, 347297.26, -13547.71,         8.062163,         0.123722,        65.163554,        -3.448764,         0.298179,       -11.566078,        -4.405075,         0.105471,       -41.765868,        -4.378503,         0.314794,       -13.909100,         0.287569,         0.020427,        14.077592,       105.000000,       347.804143,         0.570404,         0.221654
   69, 69, 321375.58, -10594.12,         9.741930,         0.198518,        49.073224,        -8.429942,         0.405252,       -20.801753,        -4.440917,         0.134797,       -32.945331,        18.899502,         0.512158,        36.901691,        -0.864113,         0.035727,       -24.186535,       114.000000,       215.890155,         0.293577,         0.141446
   70, 70, 318675.19, -8454.47,         9.292138,         0.209489,        44.356272,        -4.458974,         0.459162,        -9.711106,        -4.286690,         0.140992,       -30.403781,        15.032095,         0.652012,        23.054953,        -0.832577,         0.039424,       -21.118491,       101.000000,       170.898285,         0.274093,         0.153946
   71, 71, 350174.04, -12060.87,         7.724683,         0.143460,        53.845660,        -1.096714,         0.349892,        -3.134439,        -4.610616,         0.109901,       -41.952361,        -5.622646,         0.332137,       -16.928691,         0.398749,         0.024844,        16.050237,       181.000000,       274.560223,         0.643878,         0.185035
   72, 72, 329442.54, 5939.52,        10.485843,         0.252850,        41.470662,         5.785750,         0.762496,         7.587914,        -5.960074,         0.179677,       -33.171046,        -2.080352,         0.955357,        -2.177565,        -0.796277,         0.049476,       -16.094159,        82.000000,        85.376041,         0.628383,         0.163108
   73, 73, 307098.94, 992.68,         6.819145,         0.329757,        20.679294,         6.645124,         0.896223,         7.414585,        -4.095353,         0.276128,       -14.831333,         1.068802,         1.110176,         0.962732,        -0.145988,         0.072600,        -2.010844,        93.000000,       169.444107,         0.535486,         0.385692
   74, 74, 337247.61, 14030.91,         9.381961,         0.323266,        29.022394,         6.512867,         1.307413,         4.981493,        -6.495872,         0.294517,       -22.056015,         1.022044,         1.186167,         0.861635,        -0.367437,         0.054484,        -6.743963,        67.000000,        94.783526,         0.710967,         0.366925
   75, 75, 306612.95, -2173.79,         6.232024,         0.286311,        21.766622,         7.822977,         0.791220,         9.887229,        -2.992823,         0.220999,       -13.542243,        -2.014701,         0.972011,        -2.072714,        -0.158913,         0.057959,        -2.741798,        55.000000,       144.471953,         0.464682,         0.300404
   76, 76, 301727, -6640.87,         5.035785,         0.275054,        18.308332,         8.170797,         0.759854,        10.753112,        -1.661879,         0.202970,        -8.187827,        -5.871201,         0.952604,        -6.163319,         0.045090,         0.052837,         0.853365,        68.000000,        71.934875,         0.412437,         0.101648
   77, 77, 326724.18, 5478.1,         9.711995,         0.285077,        34.067914,         7.256669,         0.860010,         8.437886,        -5.705141,         0.197142,       -28.939211,         1.485641,         0.935684,         1.587758,        -0.761919,         0.051058,       -14.922627,        47.000000,        73.529624,         0.609055,         0.159449
   78, 78, 311503.39, 15708.66,         4.141344,         0.257873,        16.059640,        12.923000,         1.119355,        11.545040,        -5.106140,         0.241135,       -21.175404,        13.404180,         1.555867,         8.615247,         0.482982,         0.074160,         6.512676,        33.000000,        45.304118,         0.753266,         0.192785
   79, 79, 316934.08, -10632.09,         8.478430,         0.203816,        41.598522,        -4.574868,         0.462250,        -9.896966,        -3.567851,         0.140704,       -25.357051,        15.796205,         0.669546,        23.592403,        -0.710880,         0.037571,       -18.920806,        43.000000,       107.208768,         0.239103,         0.096541
   80, 80, 317980.71, -13171.59,         8.473116,         0.199504,        42.470954,        -7.057898,         0.425190,       -16.599405,        -3.461861,         0.138992,       -24.906958,        20.450176,         0.562637,        36.347014,        -0.732764,         0.034993,       -20.940417,        52.000000,       127.737760,         0.246255,         0.115064
   81, 81, 298790.59, -2464.08,         5.519227,         0.321254,        17.180274,         5.769114,         0.993292,         5.808077,        -2.687167,         0.272447,        -9.863095,        -4.317603,         1.253006,        -3.445795,         0.163502,         0.061660,         2.651666,        75.000000,       133.933213,         0.534626,         0.657915
   82, 82, 294903.64, 214.57,         5.835873,         0.368619,        15.831704,         0.610837,         1.260745,         0.484505,        -3.971215,         0.384622,       -10.324974,        -3.172193,         1.505850,        -2.106580,         0.577706,         0.093224,         6.196970,        33.000000,        25.392909,         0.616649,         0.178259
   83, 83, 284950.61, -7897.72,         6.556748,         0.377637,        17.362560,         3.570807,         1.300759,         2.745171,        -3.520705,         0.333533,       -10.555793,        -4.537579,         1.369561,        -3.313163,         0.076968,         0.091553,         0.840698,        11.000000,        15.263633,         0.716600,         0.335960
   84, 84, 302616.14, 12642.65,         5.625498,         0.293094,        19.193515,         1.836153,         1.296021,         1.416761,        -5.181827,         0.326018,       -15.894301,         4.276221,         1.847474,         2.314631,         0.684802,         0.101498,         6.746957,        23.000000,        50.127860,         0.718028,         0.219692
   85, 85, 298937.62, 11074.43,         6.351558,         0.346974,        18.305573,        -0.174646,         1.422952,        -0.122735,        -5.760060,         0.393487,       -14.638488,         4.280949,         2.004205,         2.135984,         0.628737,         0.111008,         5.663912,        43.000000,        35.586889,         0.701005,         0.096670
   86, 86, 292980.66, 10621.27,         6.926095,         0.442921,        15.637314,        -2.017581,         1.575853,        -1.280310,        -6.094146,         0.518529,       -11.752749,         2.525633,         2.305945,         1.095270,         0.624941,         0.127030,         4.919631,        46.000000,        41.799827,         0.715814,         0.224526
   87, 87, 291341.64, 3602.46,         6.022480,         0.439151,        13.713916,        -0.887602,         1.544336,        -0.574747,        -4.429273,         0.489349,        -9.051352,        -2.518016,         1.929422,        -1.305062,         0.641364,         0.126099,         5.086182,        19.000000,        18.571872,         0.641909,         0.128850
   88, 88, 296052.78, 6812.78,         6.395125,         0.423789,        15.090355,        -1.748511,         1.511036,        -1.157160,        -5.138580,         0.474522,       -10.828958,        -0.228112,         1.988039,        -0.114742,         0.669221,         0.119254,         5.611743,        11.000000,        18.103811,         0.652946,         0.167571
   89, 89, 314476.95, 3490.04,         7.969387,         0.290575,        27.426267,        10.137717,         0.798212,        12.700534,        -5.457497,         0.226116,       -24.135822,         8.454139,         0.958679,         8.818531,        -0.599320,         0.068146,        -8.794681,        30.000000,        40.073075,         0.569590,         0.156007
   90, 90, 311673.48, 10101.08,         6.841848,         0.297539,        22.994813,         7.341919,         0.982911,         7.469567,        -5.795509,         0.268200,       -21.608923,         9.434818,         1.311417,         7.194371,         0.000982,         0.071955,         0.013647,        27.000000,        24.315983,         0.684238,         0.110118
   91, 91, 300937.58, 3470.02,         6.197677,         0.382772,        16.191562,         1.454017,         1.209751,         1.201914,        -4.015535,         0.373716,       -10.744878,        -2.193053,         1.543737,        -1.420613,         0.392506,         0.085841,         4.572496,        18.000000,        27.718217,         0.607942,         0.328972
   92, 92, 286991.93, 9571.27,         6.923271,         0.497429,        13.918120,        -2.545901,         1.644814,        -1.547835,        -5.227230,         0.598738,        -8.730420,        -3.725020,         2.716777,        -1.371117,         0.654638,         0.141816,         4.616098,         7.000000,        13.656931,         0.739065,         0.419667
   93, 93, 307386.12, 16090.18,         4.146471,         0.262521,        15.794798,         8.397684,         1.182300,         7.102839,        -4.661845,         0.278293,       -16.751567,         8.861780,         1.714889,         5.167552,         0.693122,         0.089093,         7.779731,         7.000000,        23.416545,         0.760438,         0.146639
   94, 94, 300604.96, 17843.82,         4.121478,         0.286778,        14.371671,         8.640455,         1.340085,         6.447690,        -4.584931,         0.324727,       -14.119359,         7.316767,         2.101661,         3.481421,         0.680864,         0.104158,         6.536868,        15.000000,        34.476048,         0.785731,         0.120764
   95, 95, 303917.55, 29223.91,        -2.643584,         0.560950,        -4.712692,        53.164441,         3.912689,        13.587699,        -4.161008,         0.431351,        -9.646456,        39.324447,         3.792356,        10.369398,         0.203584,         0.119370,         1.705491,        44.000000,        23.270797,         0.809555,         0.177838
   96, 96, 296097.2, 19299.56,         4.111861,         0.319495,        12.869887,        10.769804,         1.523625,         7.068539,        -4.530288,         0.368524,       -12.293058,         5.594407,         2.652352,         2.109225,         0.643341,         0.114253,         5.630870,        25.000000,        15.734950,         0.806908,         0.181462
   97, 97, 291327.94, 19385.45,         4.890539,         0.372449,        13.130765,        10.335983,         1.853579,         5.576229,        -4.814233,         0.432290,       -11.136577,         2.213396,         3.441946,         0.643065,         0.585604,         0.127274,         4.601125,        15.000000,        16.545446,         0.820930,         0.250257
   98, 98, 288651.19, 16782.21,         7.452557,         0.442157,        16.855009,         1.457044,         1.831080,         0.795729,        -6.418561,         0.517156,       -12.411271,        -0.410727,         3.755461,        -0.109368,         0.538865,         0.137446,         3.920567,        53.000000,        51.731578,         0.815008,         0.595608
   99, 99, 321850.11, 16542.18,         6.557259,         0.310472,        21.120306,        18.747853,         1.516106,        12.365791,        -6.754668,         0.235151,       -28.724754,        15.825711,         1.340683,        11.804214,        -0.292793,         0.057504,        -5.091721,        24.000000,        20.301308,         0.751169,         0.095014
  100, 100, 309623.17, 24691.81,        -1.013365,         0.426214,        -2.377594,        38.877092,         2.318708,        16.766706,        -4.327815,         0.332736,       -13.006756,        31.932756,         2.590469,        12.327016,         0.491862,         0.094091,         5.227539,         7.000000,        12.738887,         0.814011,         0.108014
  101, 101, 317273.81, 16350.36,         4.096083,         0.286272,        14.308352,        25.201495,         1.524278,        16.533398,        -5.890396,         0.219245,       -26.866763,        20.496975,         1.572366,        13.035755,        -0.033813,         0.058598,        -0.577030,        13.000000,        24.123396,         0.755465,         0.123587
  102, 102, 330127.65, 26472.36,         7.610302,         0.443836,        17.146653,         9.059044,         2.035632,         4.450236,        -6.290736,         0.432548,       -14.543446,        11.603852,         1.705749,         6.802790,        -0.328214,         0.075223,        -4.363183,        18.000000,        19.994567,         0.677587,         0.220331
  103, 103, 330024.3, 22050.13,         8.230511,         0.415519,        19.807785,         8.315199,         1.800115,         4.619259,        -6.504106,         0.412893,       -15.752536,         9.114558,         1.560099,         5.842296,        -0.362166,         0.068879,        -5.257980,        24.000000,        29.430605,         0.675632,         0.138766
  104, 104, 335366.5, 8522.69,        10.570103,         0.229342,        46.088788,         3.739182,         0.802140,         4.661508,        -6.543031,         0.183171,       -35.720938,        -4.342394,         1.007303,        -4.310909,        -0.496843,         0.048816,       -10.177853,        45.000000,       113.582699,         0.692883,         0.086085
  105, 105, 330795.7, 8625.57,        10.478403,         0.261735,        40.034455,         4.649335,         0.853279,         5.448790,        -6.508568,         0.197311,       -32.986409,        -1.810223,         1.007217,        -1.797252,        -0.610735,         0.049949,       -12.227172,        56.000000,        45.238543,         0.687199,         0.070863
  106, 106, 324461.1, 12021.3,         8.745709,         0.355032,        24.633561,         8.910784,         1.227186,         7.261152,        -6.671530,         0.267990,       -24.894710,         7.358995,         1.033892,         7.117758,        -0.432367,         0.053390,        -8.098249,        33.000000,        34.835430,         0.715250,         0.096452
  107, 107, 333249.02, 19193.73,         8.482396,         0.384472,        22.062475,         7.153017,         1.659712,         4.309796,        -6.171382,         0.376327,       -16.398969,         5.558480,         1.469982,         3.781325,        -0.353856,         0.063552,        -5.567985,        35.000000,        40.363324,         0.676334,         0.118022
  108, 108, 330905.38, 16199.04,         9.207971,         0.348096,        26.452426,         8.214210,         1.404078,         5.850254,        -7.260345,         0.311775,       -23.287161,         7.468243,         1.239679,         6.024336,        -0.417506,         0.057740,        -7.230778,        36.000000,        89.142617,         0.719931,         0.263849
  109, 109, 338740.71, 9995.65,        10.260736,         0.241733,        42.446601,         3.840631,         0.935867,         4.103823,        -6.799621,         0.215058,       -31.617590,        -2.577258,         1.021857,        -2.522133,        -0.363454,         0.049723,        -7.309638,        58.000000,        65.672340,         0.709763,         0.082427
  110, 110, 345541.9, -607.56,         8.318732,         0.209962,        39.620253,         3.300694,         0.501319,         6.584023,        -5.350369,         0.139096,       -38.465341,        -1.316131,         0.573047,        -2.296725,         0.043310,         0.041459,         1.044661,        37.000000,        49.636334,         0.656997,         0.101157
  111, 111, 348908.69, -5077.51,         7.443811,         0.209538,        35.524801,         2.911204,         0.506816,         5.744103,        -4.841513,         0.131466,       -36.827047,        -3.785916,         0.456118,        -8.300294,         0.342057,         0.040701,         8.404192,        53.000000,       138.990200,         0.678004,         0.149281
  112, 112, 343120.93, 5902.89,         9.574685,         0.205354,        46.625355,         5.305214,         0.588839,         9.009610,        -6.101011,         0.161321,       -37.819070,        -3.884690,         0.866403,        -4.483697,        -0.269143,         0.044565,        -6.039306,        49.000000,        57.562331,         0.677118,         0.123613
  113, 113, 377836.69, -36378.58,        21.787188,         0.530679,        41.055339,       -18.681104,         1.506680,       -12.398854,        -9.910203,         0.331168,       -29.924972,        -0.526501,         1.154661,        -0.455979,        -2.869207,         0.108796,       -26.372317,      1070.000000,       895.183872,         0.889955,         0.840623
  114, 114, 356153.1, -24448.15,         7.562334,         0.169401,        44.641629,        -4.827139,         0.387895,       -12.444460,        -4.359713,         0.147503,       -29.556705,        -5.304317,         0.334641,       -15.850784,         0.540745,         0.025797,        20.961390,       547.000000,       442.996145,         0.603269,         0.215934
  115, 115, 363934.49, -23252.2,         7.600983,         0.215684,        35.241357,        -2.609109,         0.643092,        -4.057132,        -4.798309,         0.135094,       -35.518217,        -0.333307,         0.427044,        -0.780499,         0.411978,         0.037762,        10.909736,       660.000000,       385.804803,         0.737474,         0.152696
  116, 116, 362715.03, -62961.03,        29.167648,         2.062674,        14.140698,      -126.283291,        14.204511,        -8.890365,        -0.103189,         1.617565,        -0.063793,       -95.024737,        11.487472,        -8.272032,        -0.489596,         0.159873,        -3.062410,       175.000000,       172.286217,         0.949761,         0.999788
  117, 117, 355515.39, -15862.17,         7.164504,         0.173536,        41.285413,        -0.104200,         0.419194,        -0.248572,        -4.770197,         0.127514,       -37.409106,        -6.183012,         0.346690,       -17.834422,         0.603661,         0.030302,        19.921518,       594.000000,       402.737672,         0.693102,         0.177270
  118, 118, 350331.74, 2259.59,         7.573433,         0.225945,        33.518950,         5.246458,         0.559625,         9.374946,        -5.979276,         0.155695,       -38.403709,         2.390502,         0.800740,         2.985366,         0.293773,         0.042322,         6.941396,       189.000000,       119.136654,         0.723723,         0.171726
  119, 119, 390869.17, -52824.71,        10.350300,         0.695374,        14.884509,        -0.547863,         2.914695,        -0.187966,        -6.049121,         0.892877,        -6.774863,       -12.561474,         2.717905,        -4.621749,         0.182459,         0.128194,         1.423308,       121.000000,       147.602328,         0.967298,         0.665243
  120, 120, 391663.46, -13955.69,         7.817277,         0.502912,        15.544018,         3.778428,         2.113735,         1.787560,        -2.178059,         0.318020,        -6.848815,       -12.014226,         2.223815,        -5.402528,        -0.516578,         0.109880,        -4.701310,       125.000000,       133.598847,         0.694023,         0.865009
  121, 121, 381676.42, -24737.89,         9.156131,         0.326638,        28.031451,        10.226239,         1.177131,         8.687430,        -5.410854,         0.163228,       -33.149012,        -8.078592,         1.585401,        -5.095616,        -0.366890,         0.067043,        -5.472429,       175.000000,       106.254826,         0.881641,         0.189049
  122, 122, 396227.77, -39792.02,        10.878174,         0.423331,        25.696599,        -1.236017,         2.036436,        -0.606951,        -9.613243,         0.414036,       -23.218377,        -2.299812,         1.301080,        -1.767617,         0.545285,         0.096238,         5.665980,        85.000000,        82.795918,         0.925503,         0.219159
  123, 123, 365535.4, -28214.23,         9.034374,         0.264820,        34.115157,        -7.469792,         0.889050,        -8.401990,        -4.802087,         0.138672,       -34.629027,         1.307600,         0.558629,         2.340732,         0.092102,         0.040961,         2.248543,       200.000000,       428.617976,         0.716519,         0.408661
  124, 124, 358761.78, -6929.68,         6.428426,         0.235326,        27.317150,         6.301939,         0.637850,         9.879970,        -5.507818,         0.145128,       -37.951531,        -1.850994,         0.719312,        -2.573283,         0.658149,         0.048200,        13.654523,       389.000000,       323.261838,         0.796758,         0.279355
  125, 125, 376070.01, -56303.59,        13.345040,         0.906320,        14.724429,         6.096086,         3.304773,         1.844631,       -11.344943,         0.734353,       -15.448901,         5.590458,         2.707498,         2.064806,        -0.657920,         0.122402,        -5.375057,       381.000000,       333.321734,         0.973985,         0.751583
  126, 126, 353788.69, -7340.62,         6.827818,         0.215859,        31.630929,         5.126036,         0.556612,         9.209352,        -5.154026,         0.134366,       -38.358188,        -6.254956,         0.508575,       -12.298992,         0.615458,         0.043050,        14.296405,       173.000000,       178.526413,         0.744145,         0.155321
  127, 127, 371670.71, -21543.62,         9.976665,         0.246956,        40.398602,        -5.877120,         0.874685,        -6.719125,        -6.183195,         0.131882,       -46.884184,        -1.378728,         1.162886,        -1.185609,         0.027488,         0.049813,         0.551819,       206.000000,       295.924834,         0.832370,         0.287788
  128, 128, 367522.64, -7189.91,         7.351073,         0.288868,        25.447836,         2.971584,         0.849537,         3.497884,        -5.838876,         0.179685,       -32.495065,        -1.977311,         1.095416,        -1.805077,         0.518168,         0.061590,         8.413234,       142.000000,       168.411881,         0.855070,         0.332469
  129, 129, 361892.77, -18166,         6.780151,         0.209683,        32.335173,         1.047887,         0.564073,         1.857715,        -4.966956,         0.137719,       -36.065784,        -1.771813,         0.411774,        -4.302876,         0.608679,         0.038886,        15.652816,       148.000000,        96.657503,         0.757812,         0.133210
  130, 130, 366450.66, -74634.65,        28.632797,         2.097502,        13.650903,      -127.606495,        14.562538,        -8.762655,         1.076168,         1.664541,         0.646525,       -98.487455,        11.907996,        -8.270700,        -0.407878,         0.161082,        -2.532120,       141.000000,       145.079268,         0.949297,         0.999503
  131, 131, 355381.88, -79216.89,        -4.698846,         1.146370,        -4.098893,        30.197885,         3.029207,         9.968907,        -0.101673,         1.613384,        -0.063018,        30.393278,         4.563229,         6.660476,         1.106680,         0.207380,         5.336472,       106.000000,       105.984197,         0.970148,         0.997146
  132, 132, 353694.67, -32885.23,         8.952435,         0.170249,        52.584418,        -9.409362,         0.403533,       -23.317448,        -4.531671,         0.183750,       -24.662158,        -4.501948,         0.344425,       -13.070904,         0.250066,         0.018001,        13.891458,       116.000000,       455.811484,         0.458796,         0.417081
  133, 133, 378726.25, -28678.9,        12.019305,         0.307639,        39.069565,         3.112612,         1.151553,         2.702970,        -6.157493,         0.162999,       -37.776211,        -9.836035,         1.455832,        -6.756297,        -0.859323,         0.065373,       -13.144895,        84.000000,       133.983380,         0.875708,         0.330607
  134, 134, 365246.77, -57670.24,        15.876505,         1.485597,        10.686951,        -6.155769,         5.185588,        -1.187092,       -11.225959,         0.975190,       -11.511560,       -11.896729,         4.086321,        -2.911354,        -0.578118,         0.176559,        -3.274356,        78.000000,       101.245952,         0.958243,         0.891305
  135, 135, 389517.13, -31493.43,         6.772292,         0.305774,        22.148017,        22.370311,         1.578713,        14.169968,        -6.109164,         0.215090,       -28.402819,         3.018668,         1.467977,         2.056346,        -0.079141,         0.072288,        -1.094806,        88.000000,        35.185447,         0.918441,         0.215647
  136, 136, 344415.42, 11511.89,         9.176860,         0.274366,        33.447516,         4.069599,         0.858612,         4.739741,        -5.831845,         0.276457,       -21.094975,        -3.272365,         1.116366,        -2.931266,        -0.191107,         0.045913,        -4.162371,        31.000000,        26.404549,         0.714976,         0.205549
  137, 137, 365053.58, -11168.12,         6.845324,         0.256301,        26.708120,         3.544984,         0.692109,         5.122005,        -5.577386,         0.156270,       -35.690803,        -1.407917,         0.934920,        -1.505923,         0.604766,         0.054220,        11.153862,        60.000000,        70.091438,         0.833493,         0.132298
  138, 138, 387334.51, -21934.03,         6.345661,         0.404881,        15.672889,        19.819131,         1.610896,        12.303169,        -4.842733,         0.188940,       -25.631070,        -1.268579,         1.842721,        -0.688427,        -0.107764,         0.078569,        -1.371571,        25.000000,        88.151167,         0.876417,         0.554347
  139, 139, 393097.28, -22717.2,         5.916184,         0.438753,        13.484086,        20.324507,         1.975305,        10.289302,        -3.719710,         0.251872,       -14.768273,        -2.308724,         1.971704,        -1.170929,        -0.231701,         0.095261,        -2.432280,        57.000000,        46.472007,         0.835232,         0.659586
  140, 140, 380945.88, -17224.24,         7.516031,         0.335868,        22.377941,         7.250470,         1.121036,         6.467648,        -4.947145,         0.171667,       -28.818309,        -6.073731,         1.636804,        -3.710727,         0.136627,         0.067238,         2.031974,        17.000000,        11.484590,         0.850189,         0.222238
  141, 141, 367373.14, -14712.42,         7.570291,         0.245858,        30.791303,         0.310876,         0.704165,         0.441481,        -5.654789,         0.147151,       -38.428482,        -0.977744,         0.952432,        -1.026576,         0.483341,         0.052071,         9.282305,        47.000000,        51.481410,         0.828595,         0.134876
  142, 142, 374567.12, -13256.38,         8.060525,         0.308234,        26.150671,         0.955797,         1.156403,         0.826526,        -5.278233,         0.152945,       -34.510748,        -7.776018,         1.590800,        -4.888117,         0.356347,         0.063303,         5.629191,        51.000000,        79.147899,         0.845702,         0.207651
  143, 143, 380862.18, -12688.75,         6.908284,         0.346058,        19.962774,         5.448395,         1.213940,         4.488191,        -4.369492,         0.191746,       -22.787874,        -5.650760,         1.555966,        -3.631673,         0.234999,         0.070056,         3.354443,        11.000000,        12.592280,         0.811973,         0.248840
  144, 144, 383629.18, -9335.24,         6.972507,         0.381029,        18.299173,         5.121198,         1.393536,         3.674965,        -3.316265,         0.229792,       -14.431609,        -6.982201,         1.525068,        -4.578288,        -0.090885,         0.081011,        -1.121884,        23.000000,        32.851825,         0.768046,         0.172166
  145, 145, 394378.41, -45752.97,        11.263182,         0.551584,        20.419691,        -5.204408,         2.354957,        -2.209980,        -8.721382,         0.567307,       -15.373308,        -7.727022,         1.593950,        -4.847719,         0.553240,         0.104648,         5.286703,        64.000000,        58.888372,         0.952633,         0.413688
  146, 146, 402514.52, -43075.49,         6.675614,         0.988459,         6.753557,         4.844316,         3.362052,         1.440881,        -4.040438,         1.193387,        -3.385690,        -9.866696,         2.015306,        -4.895881,         0.585062,         0.115040,         5.085741,        61.000000,        45.223730,         0.756648,         0.660635
  147, 147, 402518.42, -36236.31,         6.454908,         0.702550,         9.187832,         9.269075,         2.886767,         3.210885,        -4.965281,         0.891592,        -5.569005,        -3.494785,         1.714423,        -2.038461,         0.469363,         0.112644,         4.166777,        37.000000,        31.387589,         0.687472,         0.311459
  148, 148, 396061.3, -30927.23,         5.814850,         0.332454,        17.490702,        21.681275,         1.781134,        12.172736,        -5.187399,         0.243512,       -21.302412,         1.212534,         1.598043,         0.758762,         0.128499,         0.079558,         1.615157,        22.000000,        16.050403,         0.881291,         0.115217
  149, 149, 408226.18, -35513.98,         4.551178,         1.226844,         3.709663,        16.490214,         4.075358,         4.046323,        -2.998940,         1.622742,        -1.848070,        -7.061750,         2.277502,        -3.100656,         0.533718,         0.135604,         3.935872,        18.000000,        27.583011,         0.643725,         0.490452
  150, 150, 403471.42, -31311.84,         4.571237,         0.498995,         9.160884,        11.889380,         2.956933,         4.020849,        -2.072018,         0.593579,        -3.490719,        -4.784094,         1.754514,        -2.726734,         0.232873,         0.110170,         2.113757,        20.000000,        30.972345,         0.534028,         0.234307
  151, 151, 406033.77, -29345.02,         4.611634,         0.572496,         8.055315,        11.646172,         3.595035,         3.239516,        -2.234307,         0.659667,        -3.387023,        -4.936156,         1.844497,        -2.676152,         0.267807,         0.122867,         2.179647,        20.000000,        32.932648,         0.543007,         0.338956
  152, 152, 399386.5, -22290.57,         6.129129,         0.450246,        13.612843,        11.394077,         2.230549,         5.108195,        -1.390530,         0.351940,        -3.951040,        -8.305456,         1.936346,        -4.289243,        -0.458093,         0.113968,        -4.019477,        18.000000,        27.773371,         0.584628,         0.393055
  153, 153, 397587.4, -62378.67,         8.443879,         0.790797,        10.677684,        -4.725307,         3.797527,        -1.244311,        -1.660823,         1.472028,        -1.128255,       -24.951592,         5.066925,        -4.924405,         0.362858,         0.155468,         2.333969,        25.000000,        30.308607,         0.921453,         0.771613
  154, 154, 391305.58, -63700.85,         9.390901,         0.785460,        11.955921,        -2.381694,         3.995624,        -0.596076,        -2.082177,         1.459012,        -1.427114,       -24.314583,         4.957585,        -4.904522,         0.027799,         0.207986,         0.133660,        11.000000,        18.002509,         0.955413,         0.360791
  155, 155, 396203.55, -57412.21,         9.071610,         0.724513,        12.520976,        -7.791719,         3.449846,        -2.258570,        -2.091798,         1.366646,        -1.530607,       -25.072562,         4.711265,        -5.321833,         0.383498,         0.135009,         2.840530,        23.000000,        25.566702,         0.938681,         0.406577
  156, 156, 397924.17, -52596.47,         9.008074,         0.764314,        11.785834,        -6.219262,         3.119660,        -1.993571,        -3.823018,         1.032385,        -3.703094,       -18.287676,         2.827698,        -6.467336,         0.500693,         0.112058,         4.468176,        28.000000,        25.656264,         0.909108,         0.261712
  157, 157, 382876.06, -53653.14,        11.359493,         0.788460,        14.407198,         6.293021,         3.011099,         2.089942,        -8.920278,         0.729179,       -12.233319,        -1.071905,         2.518888,        -0.425547,        -0.229360,         0.113983,        -2.012219,        19.000000,        27.171226,         0.976904,         0.330222
  158, 158, 385919.86, -61374.5,        10.119260,         0.805790,        12.558191,        -0.785652,         3.902713,        -0.201309,        -4.124030,         1.025147,        -4.022865,       -17.165715,         3.677622,        -4.667613,        -0.083256,         0.149440,        -0.557120,        26.000000,        13.514463,         0.965256,         0.309107
  159, 159, 340110.86, -28521.01,         9.130180,         0.135634,        67.314836,        -7.497807,         0.274941,       -27.270611,        -4.856255,         0.159286,       -30.487661,        -2.020194,         0.269118,        -7.506709,         0.059847,         0.015535,         3.852283,        70.000000,       230.613855,         0.347584,         0.265114
  160, 160, 342259.81, -30180.57,         9.285307,         0.142970,        64.945718,        -7.623163,         0.295937,       -25.759455,        -4.887634,         0.170818,       -28.613126,        -3.025170,         0.277261,       -10.910906,         0.061096,         0.015378,         3.972895,       117.000000,       417.752108,         0.350579,         0.313082
  161, 161, 338829.19, -32435.83,         9.249548,         0.144653,        63.943192,        -7.721415,         0.283209,       -27.263973,        -4.730074,         0.177701,       -26.618187,        -1.508763,         0.275325,        -5.479937,        -0.007513,         0.015178,        -0.495006,       256.000000,       378.373582,         0.328192,         0.085487
  162, 162, 335964.11, -27144.87,         8.959057,         0.130084,        68.871571,        -7.612847,         0.250983,       -30.332101,        -4.905990,         0.146864,       -33.404904,         0.249820,         0.270993,         0.921870,         0.031792,         0.015903,         1.999146,       429.000000,       473.025123,         0.354003,         0.117455
  163, 163, 339454.02, -25208.35,         8.885296,         0.129373,        68.679451,        -7.090768,         0.260975,       -27.170325,        -4.764730,         0.144151,       -33.053631,        -1.719614,         0.272769,        -6.304279,         0.096565,         0.016393,         5.890612,       285.000000,       229.217510,         0.362191,         0.141165
  164, 164, 342858.93, -25291.03,         8.869549,         0.129648,        68.412665,        -6.678637,         0.275124,       -24.275020,        -4.748193,         0.143090,       -33.183266,        -3.376985,         0.281670,       -11.989135,         0.151874,         0.016580,         9.160291,       362.000000,       345.946247,         0.382494,         0.244135
  165, 165, 345601.8, -25527.73,         8.858252,         0.131609,        67.307465,        -6.629455,         0.289019,       -22.937765,        -4.820536,         0.142947,       -33.722605,        -4.387155,         0.294246,       -14.909825,         0.205496,         0.016969,        12.109912,       452.000000,       434.888460,         0.416263,         0.142080
  166, 166, 345909.97, -30691.34,         9.415143,         0.149185,        63.110434,        -7.926203,         0.322871,       -24.549103,        -5.069812,         0.173929,       -29.148713,        -4.238998,         0.299855,       -14.136847,         0.106298,         0.015629,         6.801267,       728.000000,       748.112023,         0.385044,         0.202997
  167, 167, 338436.09, -37186.98,         9.199455,         0.155343,        59.220089,        -7.355556,         0.302626,       -24.305735,        -4.193482,         0.203477,       -20.609099,        -1.590756,         0.308497,        -5.156476,        -0.076496,         0.015136,        -5.053898,       562.000000,       527.987132,         0.300117,         0.265506
  168, 168, 334457.21, -35114.84,         9.029017,         0.142349,        63.428544,        -7.224241,         0.271787,       -26.580498,        -4.513398,         0.175261,       -25.752425,         0.713053,         0.303391,         2.350276,        -0.079487,         0.014950,        -5.316709,       354.000000,       346.452793,         0.314157,         0.082835
  169, 169, 338261.22, -41722.33,         8.783904,         0.153148,        57.355529,        -6.243437,         0.321533,       -19.417718,        -3.497633,         0.193251,       -18.098950,        -0.597608,         0.333527,        -1.791781,        -0.124246,         0.015065,        -8.247469,      1072.000000,       468.981384,         0.264746,         0.104488
  170, 170, 329570.75, -34216.76,         8.609822,         0.140054,        61.475057,        -6.379713,         0.265829,       -23.999319,        -4.497445,         0.161819,       -27.793107,         3.880761,         0.320957,        12.091237,        -0.115430,         0.015235,        -7.576830,      1037.000000,       356.175950,         0.321937,         0.090068
  171, 171, 334989.23, -30867,         9.080285,         0.134767,        67.377555,        -7.685681,         0.255741,       -30.052612,        -4.912463,         0.158840,       -30.927037,         0.725662,         0.277390,         2.616032,        -0.023162,         0.015277,        -1.516147,       309.000000,       352.175104,         0.339885,         0.088387
  172, 172, 331704.61, -26241.59,         8.688960,         0.130688,        66.486482,        -7.356678,         0.243027,       -30.270998,        -4.858973,         0.139068,       -34.939658,         2.844278,         0.284689,         9.990814,        -0.006283,         0.016565,        -0.379275,       472.000000,       453.950180,         0.363054,         0.337730
  173, 173, 328431.53, -27940.2,         8.512348,         0.135164,        62.977940,        -6.690920,         0.248854,       -26.886959,        -4.815866,         0.142821,       -33.719540,         4.926587,         0.297581,        16.555442,        -0.072484,         0.016696,        -4.341510,       699.000000,       357.887189,         0.353752,         0.094465
  174, 174, 336081.28, -23805.64,         8.709647,         0.128522,        67.767773,        -7.165935,         0.248297,       -28.860319,        -4.685411,         0.137407,       -34.098681,         0.142119,         0.277313,         0.512485,         0.068244,         0.016839,         4.052844,       449.000000,       556.401794,         0.365490,         0.116026
  175, 175, 337470.12, -19925.9,         8.478222,         0.124966,        67.844397,        -6.300585,         0.250973,       -25.104651,        -4.422602,         0.126198,       -35.044992,        -0.632407,         0.291460,        -2.169792,         0.103593,         0.017279,         5.995453,       615.000000,       659.697099,         0.386757,         0.184754
  176, 176, 342348.74, -22559.69,         8.646707,         0.124660,        69.362414,        -6.117522,         0.265430,       -23.047596,        -4.616586,         0.131699,       -35.053940,        -3.233054,         0.287060,       -11.262633,         0.176044,         0.017271,        10.192776,       369.000000,       440.462335,         0.399840,         0.216200
  177, 177, 332725.59, -19390.99,         8.214314,         0.132305,        62.086215,        -6.431793,         0.249917,       -25.735665,        -4.140462,         0.129348,       -32.010345,         2.387552,         0.299078,         7.983030,         0.033532,         0.017593,         1.905987,       812.000000,       499.047648,         0.369750,         0.099764
  178, 178, 327487.37, -22298.2,         7.977461,         0.139987,        56.987335,        -6.190237,         0.257762,       -24.015332,        -4.060635,         0.136792,       -29.684693,         5.930059,         0.301755,        19.651882,        -0.057734,         0.017941,        -3.217936,       904.000000,       291.703293,         0.352426,         0.052939
  179, 179, 343411.59, -18219.15,         8.312813,         0.117608,        70.682540,        -5.047311,         0.267163,       -18.892271,        -4.359369,         0.114757,       -37.987731,        -3.462211,         0.299469,       -11.561184,         0.215032,         0.017718,        12.136378,      1215.000000,       682.236681,         0.453394,         0.190589
  180, 180, 349055.69, -20887.1,         8.386398,         0.126475,        66.308951,        -5.768598,         0.290942,       -19.827310,        -4.643919,         0.122285,       -37.976173,        -5.297321,         0.310353,       -17.068712,         0.333122,         0.019105,        17.436774,       802.000000,       584.490366,         0.534137,         0.133269
  181, 181, 351097.21, -27497.53,         8.882370,         0.147766,        60.111028,        -7.890295,         0.331269,       -23.818378,        -5.041222,         0.154225,       -32.687425,        -5.321775,         0.326044,       -16.322281,         0.315637,         0.018619,        16.952298,       983.000000,       714.617756,         0.503297,         0.218944
  182, 182, 297942.15, -33105.95,         3.428978,         0.275207,        12.459635,         9.073680,         0.590305,        15.371179,        -0.798534,         0.198799,        -4.016801,        -9.293082,         0.887746,       -10.468179,         0.520477,         0.048816,        10.661939,       639.000000,       170.052965,         0.433076,         0.081631
  183, 183, 308339.92, -26657.04,         5.852015,         0.233851,        25.024544,         1.494795,         0.560801,         2.665465,        -1.366779,         0.161518,        -8.462098,         3.626348,         0.686534,         5.282107,        -0.194966,         0.040100,        -4.862016,       251.000000,       182.715061,         0.176131,         0.136575
  184, 184, 322572.21, -26917.93,         7.651930,         0.152271,        50.252043,        -4.536572,         0.283810,       -15.984535,        -3.886573,         0.149263,       -26.038397,         9.355730,         0.325496,        28.742968,        -0.198075,         0.018856,       -10.504668,       160.000000,       372.804963,         0.330669,         0.128822
  185, 185, 322565.6, -29522.07,         7.725905,         0.153462,        50.344178,        -4.394165,         0.285368,       -15.398227,        -3.893089,         0.155217,       -25.081525,         8.955124,         0.334124,        26.801761,        -0.213194,         0.018522,       -11.510544,       233.000000,       366.938168,         0.324610,         0.096543
  186, 186, 293318.13, -17312.06,         3.832934,         0.332369,        11.532161,        12.739418,         0.732992,        17.380024,        -1.267406,         0.224625,        -5.642317,        -6.590783,         0.904316,        -7.288141,         0.185150,         0.062251,         2.974262,       166.000000,       100.608117,         0.478934,         0.198877
  187, 187, 315646.55, -31303.34,         7.264535,         0.183264,        39.639765,        -4.522646,         0.422457,       -10.705577,        -1.888753,         0.151830,       -12.439938,        16.456953,         0.517756,        31.785132,        -0.564315,         0.025250,       -22.349031,       259.000000,       277.773591,         0.263690,         0.080386
  188, 188, 304719.13, -27487.57,         4.831291,         0.257419,        18.768216,         4.659691,         0.584909,         7.966529,        -0.703614,         0.172466,        -4.079720,        -4.548959,         0.743761,        -6.116155,         0.097228,         0.044963,         2.162428,       151.000000,       171.619790,         0.211909,         0.136886
  189, 189, 321954.36, -32546,         7.593531,         0.158029,        48.051451,        -4.347369,         0.301035,       -14.441409,        -3.271930,         0.161786,       -20.223823,         8.872914,         0.352157,        25.195876,        -0.243408,         0.018116,       -13.436226,       270.000000,       270.625057,         0.309152,         0.058767
  190, 190, 311343.05, -41967,         5.613669,         0.212456,        26.422795,         0.495005,         0.471207,         1.050506,        -0.958411,         0.163296,        -5.869157,         2.924754,         0.622530,         4.698177,        -0.012419,         0.033450,        -0.371283,       474.000000,       232.847506,         0.294026,         0.054169
  191, 191, 318030.71, -27812.93,         7.015594,         0.171119,        40.998274,        -3.744995,         0.351866,       -10.643234,        -2.617003,         0.153251,       -17.076600,        14.232867,         0.393938,        36.129733,        -0.366217,         0.021537,       -17.004278,       139.000000,       275.408188,         0.294336,         0.086313
  192, 192, 315373.57, -24947.11,         7.153207,         0.185858,        38.487397,        -5.237828,         0.423576,       -12.365732,        -2.278315,         0.144151,       -15.805019,        21.043330,         0.517490,        40.664199,        -0.595391,         0.028466,       -20.915925,       213.000000,       256.804146,         0.257515,         0.087239
  193, 193, 308034.74, -32419.4,         6.001345,         0.218826,        27.425219,         1.207664,         0.511149,         2.362648,        -1.290169,         0.155376,        -8.303529,         0.530032,         0.682970,         0.776068,        -0.129480,         0.037853,        -3.420617,       195.000000,       226.214839,         0.233639,         0.111662
  194, 194, 314330.79, -21499.59,         7.191962,         0.198711,        36.193046,        -5.680431,         0.474500,       -11.971398,        -2.336638,         0.142699,       -16.374628,        22.959998,         0.620895,        36.978884,        -0.646298,         0.034022,       -18.996680,       195.000000,       229.146787,         0.222134,         0.108129
  195, 195, 313503.88, -27427.64,         7.261059,         0.198759,        36.531998,        -4.377079,         0.497454,        -8.798958,        -2.231708,         0.143896,       -15.509194,        18.000181,         0.623615,        28.864262,        -0.595388,         0.033071,       -18.003220,       114.000000,       200.947386,         0.238066,         0.184643
  196, 196, 311593.95, -29691.66,         6.939809,         0.205872,        33.709364,        -2.251661,         0.517301,        -4.352709,        -1.943564,         0.147828,       -13.147502,        11.690765,         0.640534,        18.251579,        -0.466371,         0.034218,       -13.629301,        89.000000,       233.701170,         0.223785,         0.102868
  197, 197, 320162.13, -24446.09,         7.083957,         0.163474,        43.333726,        -4.056352,         0.314773,       -12.886614,        -2.990522,         0.148902,       -20.083813,        12.715178,         0.346665,        36.678583,        -0.272426,         0.020559,       -13.250842,        95.000000,       250.106233,         0.310396,         0.034617
  198, 198, 321749.08, -23511,         7.273336,         0.157655,        46.134591,        -4.508663,         0.296588,       -15.201759,        -3.253225,         0.145776,       -22.316564,        11.058230,         0.329224,        33.588777,        -0.215983,         0.019778,       -10.920349,       116.000000,       234.348205,         0.322136,         0.078451
  199, 199, 302066.12, -24471.58,         4.315188,         0.288901,        14.936548,         6.750533,         0.661053,        10.211787,        -0.490732,         0.191895,        -2.557296,        -6.504882,         0.784557,        -8.291157,         0.171136,         0.050535,         3.386462,        82.000000,       162.236755,         0.237288,         0.212051
  200, 200, 324399.73, -35058.09,         7.820245,         0.150414,        51.991398,        -5.069791,         0.295139,       -17.177665,        -3.297744,         0.162541,       -20.288674,         6.808838,         0.345157,        19.726800,        -0.191651,         0.015967,       -12.002777,       109.000000,       271.981540,         0.305093,         0.042274
  201, 201, 310172.99, -22574.96,         6.171937,         0.225472,        27.373462,        -0.079828,         0.563083,        -0.141769,        -1.674661,         0.160009,       -10.466038,         9.320322,         0.692223,        13.464327,        -0.337260,         0.038917,        -8.666067,        96.000000,       136.925471,         0.147267,         0.085696
  202, 202, 318769.5, -18902.57,         7.213863,         0.174820,        41.264574,        -5.936453,         0.349690,       -16.976336,        -2.477227,         0.140022,       -17.691679,        19.205180,         0.385677,        49.796067,        -0.484582,         0.023685,       -20.459732,       140.000000,       222.455549,         0.279716,         0.116889
  203, 203, 318576.81, -21935.03,         6.921239,         0.174604,        39.639707,        -4.825678,         0.344670,       -14.000847,        -2.432161,         0.149156,       -16.306174,        17.202897,         0.380682,        45.189671,        -0.396244,         0.022503,       -17.608498,       156.000000,       195.045104,         0.288711,         0.079978
  204, 204, 306334.75, -22731.84,         5.097821,         0.255120,        19.982064,         4.033855,         0.611379,         6.597960,        -0.826090,         0.175512,        -4.706734,        -0.680653,         0.761910,        -0.893351,        -0.061146,         0.044541,        -1.372796,       125.000000,       127.422822,         0.120937,         0.271102
  205, 205, 311907.21, -35905.87,         6.780158,         0.198612,        34.137626,        -1.956826,         0.474142,        -4.127089,        -1.307613,         0.153749,        -8.504875,         9.403019,         0.672610,        13.979899,        -0.424483,         0.032379,       -13.109785,       176.000000,       212.633499,         0.240999,         0.239456
  206, 206, 316724.95, -35492.33,         7.463592,         0.179096,        41.673596,        -4.991802,         0.395133,       -12.633214,        -1.605419,         0.156897,       -10.232290,        13.895707,         0.483548,        28.736962,        -0.543663,         0.022884,       -23.757516,        89.000000,       209.709416,         0.266858,         0.096078
  207, 207, 298239.3, -24996.76,         3.945857,         0.325506,        12.122239,         8.721415,         0.723139,        12.060498,        -0.654441,         0.213510,        -3.065156,        -7.622067,         0.839056,        -9.084098,         0.259868,         0.056944,         4.563602,        63.000000,       112.480210,         0.351626,         0.306446
  208, 208, 300046.48, -21453.27,         4.077882,         0.307775,        13.249572,         8.124715,         0.703077,        11.555940,        -0.462185,         0.207198,        -2.230650,        -7.127835,         0.815740,        -8.737880,         0.187775,         0.054341,         3.455480,        72.000000,       143.488262,         0.272908,         0.455693
  209, 209, 303145.8, -20159.37,         4.312706,         0.275015,        15.681693,         6.883477,         0.655736,        10.497334,        -0.373966,         0.190334,        -1.964786,        -5.565512,         0.801873,        -6.940643,         0.108274,         0.048914,         2.213564,        40.000000,        89.660069,         0.159314,         0.164318
  210, 210, 292145.09, -22376.41,         3.383237,         0.370429,         9.133285,        14.253039,         0.789072,        18.063042,        -1.145071,         0.243787,        -4.697016,        -7.130012,         0.958503,        -7.438695,         0.263835,         0.066223,         3.984032,        22.000000,        55.799424,         0.474803,         0.271750
  211, 211, 289344.08, -25302.15,         2.101002,         0.419147,         5.012564,        21.047884,         0.938420,        22.429066,        -1.343816,         0.281025,        -4.781840,        -6.089769,         1.113216,        -5.470431,         0.391998,         0.072494,         5.407305,        37.000000,        46.342434,         0.507887,         0.225253
  212, 212, 281144.54, -26368.4,        -3.794424,         0.660626,        -5.743677,        60.091449,         2.238438,        26.845257,        -2.930300,         0.520012,        -5.635060,         3.870217,         2.202529,         1.757169,         0.549472,         0.110107,         4.990325,         4.000000,         9.331432,         0.612235,         0.641977
  213, 213, 276385.4, -15692.77,         7.877575,         1.720448,         4.578794,         3.376117,         7.220410,         0.467580,        -5.043332,         0.704257,        -7.161214,        -8.720236,         2.503954,        -3.482587,         0.267612,         0.248183,         1.078283,        18.000000,        17.440616,         0.813821,         0.584184
  214, 214, 333949.36, -49547.84,         8.729474,         0.163791,        53.296288,        -7.041450,         0.417218,       -16.877158,        -2.648256,         0.145520,       -18.198516,         3.251091,         0.437727,         7.427214,        -0.306351,         0.016970,       -18.052655,       449.000000,       437.589905,         0.255392,         0.170036
  215, 215, 328639.25, -51354.28,         8.586069,         0.141245,        60.788493,        -6.439869,         0.381422,       -16.883832,        -2.789643,         0.124274,       -22.447455,         7.545847,         0.431880,        17.472079,        -0.409770,         0.019818,       -20.677111,       350.000000,       424.433797,         0.279281,         0.113162
  216, 216, 328766.37, -54568.85,         8.596904,         0.140610,        61.140005,        -6.079117,         0.402964,       -15.086004,        -2.988143,         0.121631,       -24.567335,         5.961610,         0.463992,        12.848513,        -0.353602,         0.021793,       -16.225382,       145.000000,       384.442480,         0.306491,         0.289536
  217, 217, 332223.73, -57396.73,         8.927262,         0.153886,        58.012342,        -8.183029,         0.478892,       -17.087412,        -2.625012,         0.125818,       -20.863644,         2.641396,         0.520863,         5.071188,        -0.303452,         0.023685,       -12.811827,       329.000000,       329.532230,         0.350383,         0.279280
  218, 218, 327365.26, -57784.04,         7.649046,         0.160540,        47.645631,        -3.108483,         0.456161,        -6.814441,        -2.702012,         0.136463,       -19.800274,         3.201800,         0.539095,         5.939210,        -0.155414,         0.026427,        -5.880762,       448.000000,       279.844281,         0.355561,         0.167363
  219, 219, 325148.15, -54327.48,         7.891103,         0.146192,        53.977794,        -3.573866,         0.400814,        -8.916524,        -2.849435,         0.126822,       -22.468008,         6.531953,         0.472611,        13.820990,        -0.293211,         0.023591,       -12.428867,       295.000000,       281.687767,         0.298901,         0.049692
  220, 220, 328631.89, -61735.25,         6.541984,         0.188603,        34.686506,        -0.283564,         0.573735,        -0.494242,        -2.087741,         0.152905,       -13.653861,        -1.727069,         0.635792,        -2.716406,         0.125162,         0.031248,         4.005451,       263.000000,       301.305513,         0.447454,         0.103274
  221, 221, 329641.62, -66529.75,         5.132003,         0.207264,        24.760729,         2.362562,         0.679064,         3.479144,        -1.146924,         0.186753,        -6.141384,        -7.641851,         0.717444,       -10.651491,         0.491243,         0.034642,        14.180539,       204.000000,       242.388237,         0.582402,         0.122783
  222, 222, 327916.01, -45847.58,         7.781371,         0.156826,        49.617955,        -4.938490,         0.365322,       -13.518182,        -2.211877,         0.147005,       -15.046290,         6.333380,         0.390880,        16.202863,        -0.275376,         0.015568,       -17.688393,       376.000000,       328.453939,         0.267667,         0.108544
  223, 223, 321117.24, -60823.26,         5.347408,         0.196613,        27.197671,         6.003807,         0.560219,        10.716894,        -2.657376,         0.168282,       -15.791198,        -1.556978,         0.642540,        -2.423162,         0.278612,         0.034489,         8.078249,       290.000000,       247.305026,         0.410614,         0.120168
  224, 224, 325433.51, -61656.41,         5.752196,         0.193179,        29.776512,         3.375608,         0.574550,         5.875223,        -2.291601,         0.159574,       -14.360737,        -1.938416,         0.646804,        -2.996915,         0.234502,         0.032761,         7.158017,       294.000000,       248.118236,         0.441058,         0.140495
  225, 225, 320495.28, -52701.22,         6.660298,         0.159902,        41.652401,        -0.384411,         0.408978,        -0.939930,        -2.134535,         0.136973,       -15.583580,         7.039918,         0.491010,        14.337628,        -0.184518,         0.026081,        -7.074786,       361.000000,       232.588123,         0.294276,         0.105427
  226, 226, 320831.13, -45866.47,         7.380323,         0.162249,        45.487520,        -4.245062,         0.379771,       -11.177947,        -1.725040,         0.144983,       -11.898209,        10.907932,         0.462735,        23.572762,        -0.402715,         0.020743,       -19.414625,       432.000000,       256.846765,         0.284262,         0.147986
  227, 227, 316915.15, -53631.62,         5.317747,         0.177343,        29.985603,         3.354535,         0.436688,         7.681771,        -1.601749,         0.153191,       -10.455904,         4.075656,         0.551536,         7.389641,         0.064471,         0.030163,         2.137384,       156.000000,       248.974811,         0.338922,         0.084980
  228, 228, 323595.31, -65306.25,         4.460472,         0.215632,        20.685552,         8.606188,         0.730179,        11.786406,        -2.515650,         0.189918,       -13.245998,        -5.951276,         0.737594,        -8.068496,         0.570776,         0.039270,        14.534494,       153.000000,       248.714446,         0.530003,         0.156226
  229, 229, 318116.79, -58966.35,         5.394172,         0.192588,        28.008828,         5.903675,         0.509622,        11.584428,        -2.697822,         0.171204,       -15.757902,        -0.222184,         0.618443,        -0.359264,         0.228566,         0.034364,         6.651294,       186.000000,       179.091001,         0.384622,         0.242742
  230, 230, 339293.11, -47659.81,         8.911340,         0.160686,        55.458147,        -7.067553,         0.390057,       -18.119278,        -2.863803,         0.174788,       -16.384473,        -0.177347,         0.388239,        -0.456799,        -0.219621,         0.016317,       -13.460039,       446.000000,       405.503283,         0.235419,         0.475031
  231, 231, 334055.07, -44545.18,         8.238102,         0.154376,        53.363992,        -5.376618,         0.351815,       -15.282525,        -2.727481,         0.159763,       -17.071998,         1.939631,         0.376759,         5.148206,        -0.182010,         0.015174,       -11.995012,       248.000000,       409.794194,         0.251952,         0.218166
  232, 232, 331453.95, -41443.1,         8.112061,         0.150813,        53.788798,        -5.243250,         0.327520,       -16.008952,        -2.919300,         0.162467,       -17.968608,         2.761862,         0.366119,         7.543615,        -0.158837,         0.014618,       -10.865978,       260.000000,       397.180460,         0.265736,         0.223270
  233, 233, 327954.56, -39544.67,         7.918451,         0.150338,        52.670937,        -5.290023,         0.320114,       -16.525428,        -2.856477,         0.160280,       -17.821801,         4.478373,         0.361060,        12.403388,        -0.169965,         0.014477,       -11.740445,       236.000000,       340.928127,         0.283033,         0.188675
  234, 234, 321981.74, -36838.07,         7.547574,         0.159252,        47.393953,        -5.244660,         0.330087,       -15.888710,        -2.291328,         0.162957,       -14.060909,         8.187346,         0.370149,        22.119044,        -0.266693,         0.016274,       -16.387716,       175.000000,       223.389849,         0.293327,         0.110196
  235, 235, 324590.43, -40337.23,         7.629765,         0.156053,        48.892245,        -5.320303,         0.342492,       -15.534078,        -2.166999,         0.157997,       -13.715409,         6.532906,         0.372181,        17.553027,        -0.235750,         0.014740,       -15.993849,       192.000000,       249.177410,         0.282011,         0.156147
  236, 236, 317357.31, -39249.39,         7.471354,         0.175385,        42.599690,        -5.072565,         0.391661,       -12.951417,        -1.446055,         0.158014,        -9.151440,        12.844766,         0.491938,        26.110538,        -0.515490,         0.022756,       -22.652876,       118.000000,       173.172290,         0.270699,         0.247704
  237, 237, 333435.39, -77430.79,         0.285660,         0.426369,         0.669983,         8.263250,         1.101255,         7.503486,         3.217910,         0.335903,         9.579878,       -27.216816,         1.291047,       -21.081192,         1.650179,         0.070554,        23.388746,       735.000000,       580.270028,         0.825868,         0.843323
  238, 238, 302126.02, -67286.13,         6.648560,         0.353517,        18.806911,         3.635812,         1.063642,         3.418265,        -8.238447,         0.400756,       -20.557278,         5.329344,         1.440606,         3.699376,         0.749728,         0.074239,        10.098808,       346.000000,       313.328073,         0.704803,         0.607075
  239, 239, 321943.14, -68916.22,         3.901667,         0.232415,        16.787516,         9.142091,         0.754323,        12.119594,        -2.248044,         0.210670,       -10.670904,        -7.547500,         0.797240,        -9.467039,         0.739296,         0.042716,        17.307358,       247.000000,       186.358861,         0.603222,         0.430545
  240, 240, 314598.5, -64965.34,         4.703208,         0.262442,        17.920922,        12.013407,         0.838874,        14.320869,        -4.369488,         0.230230,       -18.978797,        -4.227815,         0.811853,        -5.207614,         0.574358,         0.049356,        11.637146,       463.000000,       280.039025,         0.538188,         0.255560
  241, 241, 310206.19, -67759.02,         5.873550,         0.312870,        18.773112,         9.427009,         0.944831,         9.977459,        -6.113100,         0.295461,       -20.690016,        -0.114265,         0.993489,        -0.115014,         0.501001,         0.061518,         8.143942,       279.000000,       224.628683,         0.630236,         0.231290
  242, 242, 326961.41, -72189.14,         3.458200,         0.250856,        13.785582,         5.543995,         0.738460,         7.507509,        -0.429170,         0.221957,        -1.933569,       -12.270174,         0.830051,       -14.782441,         0.912324,         0.043030,        21.201837,        93.000000,       175.860768,         0.688469,         0.417000
  243, 243, 306522.23, -44854.32,         4.026808,         0.237673,        16.942607,         3.420848,         0.508924,         6.721725,        -0.933502,         0.180850,        -5.161763,        -9.382616,         0.846416,       -11.085116,         0.713726,         0.041962,        17.009041,       686.000000,       287.475981,         0.408636,         0.242337
  244, 244, 332009.57, -86587.48,         8.612336,         0.835964,        10.302287,        -2.024864,         1.668760,        -1.213395,       -12.474311,         1.272645,        -9.801877,         3.659702,         3.163100,         1.156999,         1.504181,         0.081849,        18.377457,       105.000000,       109.491532,         0.883143,         0.989316
  245, 245, 291250.63, -62212.96,         6.241682,         0.513236,        12.161438,        -0.864512,         1.179587,        -0.732894,        -7.080622,         0.589577,       -12.009655,        -6.256354,         2.123104,        -2.946796,         1.227185,         0.111302,        11.025686,       200.000000,       145.429955,         0.679432,         0.473949
  246, 246, 302274.84, -54583.9,         3.970989,         0.277643,        14.302493,         6.596793,         0.687260,         9.598685,        -5.023711,         0.271706,       -18.489495,        -7.110381,         1.257576,        -5.654035,         1.309785,         0.058305,        22.464286,       209.000000,       173.315221,         0.593983,         0.209360
  247, 247, 313999.38, -53197.4,         4.600232,         0.186032,        24.728230,         4.982501,         0.451475,        11.036063,        -1.436614,         0.159133,        -9.027728,         2.441508,         0.570517,         4.279468,         0.239193,         0.031534,         7.585258,       265.000000,       251.137971,         0.399848,         0.134187
  248, 248, 299312.82, -60819.66,         5.074453,         0.328488,        15.447888,         4.475117,         1.024674,         4.367357,        -6.376102,         0.346973,       -18.376364,        -4.753446,         1.480633,        -3.210415,         1.204933,         0.069443,        17.351299,        88.000000,       230.510673,         0.667093,         0.337531
  249, 249, 308373.06, -57401.82,         4.393080,         0.231593,        18.968996,         9.406106,         0.571178,        16.467910,        -4.181908,         0.227423,       -18.388201,        -3.646616,         0.747851,        -4.876124,         0.761626,         0.042487,        17.925923,       121.000000,       156.245055,         0.554028,         0.167502
  250, 250, 309678.63, -51875.49,         4.001262,         0.206757,        19.352525,         5.397538,         0.501537,        10.761995,        -1.816161,         0.174061,       -10.434064,        -1.235406,         0.663302,        -1.862509,         0.592958,         0.036064,        16.441700,       140.000000,       219.811172,         0.468257,         0.086268
  251, 251, 311833.72, -57007.52,         4.619656,         0.204422,        22.598673,         8.040916,         0.504480,        15.939010,        -3.107783,         0.193210,       -16.084961,        -1.331811,         0.631794,        -2.107982,         0.487716,         0.035906,        13.583193,       104.000000,        91.499210,         0.484895,         0.236581
  252, 252, 327926.88, -75230.85,         2.741441,         0.327120,         8.380535,         5.776966,         0.926458,         6.235543,         0.349554,         0.253503,         1.378892,       -16.227335,         0.959645,       -16.909730,         1.137503,         0.054110,        21.022207,        41.000000,       114.228334,         0.751198,         0.343503
  253, 253, 307926.73, -64266.21,         5.137657,         0.293629,        17.497080,        10.364251,         0.854061,        12.135265,        -5.748999,         0.296748,       -19.373368,        -1.725399,         0.948296,        -1.819474,         0.687413,         0.056215,        12.228190,        64.000000,       105.125619,         0.625652,         0.348327
  254, 254, 299390.82, -71196.86,         7.933906,         0.413677,        19.178999,        -0.444249,         1.278663,        -0.347432,       -10.595750,         0.504897,       -20.985959,        11.047972,         1.923563,         5.743494,         0.769400,         0.091832,         8.378348,        49.000000,        38.492351,         0.734232,         0.480124
  255, 255, 295866.34, -72353.52,         8.291320,         0.474286,        17.481686,        -2.103398,         1.377734,        -1.526709,       -11.399216,         0.630403,       -18.082422,        12.266861,         2.507558,         4.891955,         0.825176,         0.105672,         7.808828,        44.000000,        83.418952,         0.737625,         0.434868
  256, 256, 299578.37, -47629.99,         2.925340,         0.307559,         9.511487,         5.106422,         0.657567,         7.765633,        -2.586861,         0.240808,       -10.742431,       -13.294132,         1.269529,       -10.471702,         1.457574,         0.057678,        25.271090,        35.000000,        61.901706,         0.522154,         0.327056
  257, 257, 293314.45, -52457.68,         4.287453,         0.425091,        10.085955,         3.278614,         1.119211,         2.929397,        -6.019539,         0.411966,       -14.611739,       -11.090555,         1.600138,        -6.931001,         1.686620,         0.082394,        20.470073,         6.000000,        15.089429,         0.608255,         0.245260
  258, 258, 299215.09, -41823.07,         3.072393,         0.277050,        11.089678,         7.711599,         0.572342,        13.473768,        -1.030781,         0.209561,        -4.918764,       -14.021358,         1.082301,       -12.955138,         0.948636,         0.049710,        19.083357,        32.000000,       128.627298,         0.476249,         0.438285
  259, 259, 288944.87, -47144.31,         4.426345,         0.564826,         7.836653,         3.013489,         1.596897,         1.887090,        -7.189329,         0.534075,       -13.461276,        -5.153385,         1.718801,        -2.998243,         1.771710,         0.079720,        22.224219,        28.000000,         4.164857,         0.575914,         0.109455
  260, 260, 290541.99, -38708.26,         0.838891,         0.390746,         2.146898,        20.227467,         0.930306,        21.742806,        -1.094166,         0.262461,        -4.168871,       -11.061643,         1.181667,        -9.361051,         1.032313,         0.063748,        16.193717,        10.000000,        61.502987,         0.539925,         0.206375
  261, 261, 285964.14, -39392.46,         1.068904,         0.519274,         2.058458,        30.022341,         1.334604,        22.495311,        -2.975280,         0.326218,        -9.120541,        -8.408828,         1.557555,        -5.398736,         0.793670,         0.078583,        10.099795,        12.000000,        11.604152,         0.548893,         0.170905
